Data Vision;Data Vision;Data Vision;Data Vision;Data Vision;Data Vision;Data Vision;Data Vision;Data Vision;Policies, processes,;Policies, processes,;Policies, processes,;Policies, processes,;Policies, processes,;Policies, processes,;Policies, processes,;Policies, processes,;Policies, processes,;Policies, processes,;Roles and organizati;Roles and organizati;Roles and organizati;Roles and organizati;Roles and organizati;Roles and organizati;Roles and organizati;Use Cases;Use Cases;Use Cases;Use Cases;Use Cases;Use Cases;Use Cases;Use Cases;Use Cases;Use Cases;Governance;Governance;Governance;Governance;Governance;Platforms and tools;Platforms and tools;Platforms and tools;Platforms and tools;Platforms and tools;Platforms and tools;Platforms and tools;Platforms and tools;Platforms and tools;Platforms and tools;Platforms and tools;Modern architecture;Modern architecture;Modern architecture;Modern architecture;Modern architecture;Modern architecture;Modern architecture;Modern architecture;Modern architecture;Modern architecture;Modern architecture;Technology processes;Technology processes;Technology processes;Technology processes;Technology processes
Does the organization have a person holding the position of data director or similar;Have clear goals and objectives been established for the organization's data and analytics maturity;Is there a widespread understanding within the organization of how information and data are critical to its success;Do you think the way you manage and handle data supports the business objectives;Is there a clear and consistent vision within the organization for how data can help it achieves its strategic goals;Are clear targets and objectives set within the organization to measure progress and success of its data vision;Is there a consistent focus within the organization on the value and impact of data across all areas;Does the organization's data vision evolve and adapt over time to ensure it stays up to date with technological trends and market changes;Do you have a realistic timeline for implementation, considering the organizationâ€™s capacity and constraints;Our policies, processes and standards are embedded into the data lifecycle;Our policies and processes also apply to real time and derived data sets;We track against defined KPIs to measure our data management effectiveness;Your organization have formal, documented policies for data governance;Your  organization have  Data governance manager or managers?;We have consistent data governance mechanisms, processes and technology across BUs and geographies;Is there adequate data governance and management in the organization to ensure data is used appropriately and the interests of users and other stakeholders are protected;Are there mechanisms in place to      ensure that data governance practices are communicated, understood, and adopted across the organization;Is there a clear framework for measuring and monitoring the effectiveness of data governance practices within the organization;Is there a clear process for managing and resolving data-related issues and conflicts within the organization;We have full time roles dedicated to data governance;We have data governance councils in place to make cross-functional data decisions;All of our data domains have been assigned data owners and data stewards;Your organization ensure the security and confidentiality of data (e.g., access controls, encryption, compliance with regulations)?;Do you feel your org. uses data effectively today;Has my organization created a training and development program for key personnel in cutting-edge technologies;Your organization ensure data      quality and manage data errors and anomalies;Do you have an ideation process to identify D&A opportunities?;Do you have the right data to support your needs;Have I clearly identified the main use cases for data usage within my organization;Have I defined specific objectives and targets for each use case, with metrics established to measure success;Have I identified key stakeholders for each use case, and included their perspectives and needs in the planning and execution process;Have I identified potential risks and challenges associated with each use case, and taken steps to mitigate them, such as privacy, confidentiality, and data security;Are processes and procedures established for monitoring and managing each use case, to ensure it remains relevant and effective;Are mechanisms in place for ongoing learning and adjustment of each use case, based on continuous feedback and evaluation;Are pilot tests and evaluations designed for each use case, to ensure it works correctly and delivers value? Have potential opportunities for integration and synergy between different use cases been identified, and ways sought to maximize the impact and value of data;Have key stakeholders been identified for each use case, and their perspectives and needs included in the planning and execution process;We promote broad data literacy throughout our organization;Do you know what data is available throughout your organization;Have I analysed the availability and quality of data needed for each use case, and identified potential data gaps;Has the availability and quality of data required for each use case been analysed, and potential data gaps identified;We have integrated Platforms and toolsto support data governance for data cataloguing, quality, lineage and metadata management;Our Platforms and toolshave front-end interfaces to be used by data stewards, bus. SMEs and engineers;We have aligned on key design principals for our data management environment;Our storage infrastructure is set up to avoid data silos and fragmentation;Do they take advantage of cloud-type platforms for data storage and processing;Do I use appropriate tools for data processing and analysis within my organization, such as ETL, streaming data, data analysis tools);Do we have a common infrastructure that allows our teams to share data effectively;Your organization regularly invest in technology and training for data management and analytics;Do you believe that the technology your organization has in place is appropriate to achieve its business objectives;Do you have advanced technologies and techniques to manage and analyse structured data, such as emails, videos, social media posts, and customer reviews;We have the right tools to do our jobs efficiently across different roles and data usage patterns;Each of our data domains lives in a single store/system;Each of our data domains has a Single Source of Truth;We are aligned on a clear map of data flows across our operational and analytical systems;Our map of data flows differentiates between the primary/secondary sources of data and enables a clear understanding of how changes are propagated;We have shared data model definitions for common cross-functional data objects, and have an effective process for evolving these;Does the organization ensure scalability and efficiency of data systems;Does the organization properly manage changes and risks associated with data systems;Does my organization have a strategy for continuous modernization and improvement of its data technology;Your organization invested in modern data storage and processing technology;Is there a formally defined data architecture in place within the organization;Does the organization ensure scalability and efficiency of data systems;Our data asset architecture is designed for our specific purposes and infrastructure;We integrate data quality checks, data cataloging and metadata management into our data engineering processes;We have embedded data governance technology into our data science process;As we build and update our applications, we know which data to capture, use and integrate and we create data flows for broader visibility outside of the applications;Do you think your technology can meet your future data needs;Do you use data validation techniques to ensure the accuracy and consistency of data
Text Data Vision;Text Data Vision1;Text Data Vision;Text Data Vision;Text Data Vision;Text Data Vision;Text Data Vision;Text Data Vision;Text Data Vision;Text Policies, processes,;Text Policies, processes,;Text Policies, processes,;Text Policies, processes,;Text Policies, processes,;Text Policies, processes,;Text Policies, processes,;Text Policies, processes,;Text Policies, processes,;Text Policies, processes,;Text Roles and organizati;Text Roles and organizati;Text Roles and organizati;Text Roles and organizati;Text Roles and organizati;Text Roles and organizati;Text Roles and organizati;Text Use Cases;Text Use Cases;Text Use Cases;Text Use Cases;Text Use Cases;Text Use Cases;Text Use Cases;Text Use Cases;Text Use Cases;Text Use Cases;Text Governance;Text Governance;Text Governance;Text Governance;Text Governance;Text Platforms and tools;Text Platforms and tools;Text Platforms and tools;Text Platforms and tools;Text Platforms and tools;Text Platforms and tools;Text Platforms and tools;Text Platforms and tools;Text Platforms and tools;Text Platforms and tools;Text Platforms and tools;Text Modern architecture;Text Modern architecture;Text Modern architecture;Text Modern architecture;Text Modern architecture;Text Modern architecture;Text Modern architecture;Text Modern architecture;Text Modern architecture;Text Modern architecture;Text Modern architecture;Text Technology processes;Text Technology processes;Text Technology processes;Text Technology processes;Text Technology processes
3;3;3;2;3;3;3;3;3;3;3;3;3;3;3;3;3;3;3;1;1;1;1;1;1;1;2;3;3;1;3;2;3;1;3;1;2;3;3;2;1;3;3;3;3;3;3;1;3;3;3;3;1;3;3;3;3;3;3;1;3;3;1;1;1;2;3;3
2;1;3;2;3;3;3;3;3;2;3;2;3;3;3;3;2;2;3;1;2;1;1;1;1;2;1;2;3;2;3;3;3;2;2;1;1;2;3;2;3;1;2;3;2;1;1;3;3;3;3;1;1;2;1;1;2;3;3;3;2;3;3;1;1;3;3;2
3;1;2;2;3;3;3;3;3;3;3;2;3;2;3;3;3;3;3;2;2;1;1;1;1;1;1;1;1;2;2;1;2;3;3;2;1;1;3;2;3;1;3;3;2;3;2;2;1;1;1;2;1;1;3;1;2;1;2;3;3;2;1;1;1;3;3;3
2;1;2;3;3;3;3;3;3;2;3;3;3;2;3;3;3;3;3;1;1;1;1;1;1;1;3;2;3;1;2;3;1;2;1;2;2;2;3;1;2;3;1;2;1;2;3;2;2;3;1;3;2;1;3;3;1;1;2;3;2;2;2;1;1;2;3;1
2;1;3;3;3;3;3;3;3;3;2;2;3;3;2;3;2;3;2;1;1;1;1;1;1;1;1;3;3;2;1;2;1;1;3;2;2;2;2;2;1;3;3;2;3;2;3;1;3;1;2;3;2;1;3;2;2;1;2;3;2;2;1;1;1;2;2;2
3;1;3;1;3;3;3;3;3;3;3;3;2;3;3;2;3;2;2;2;2;1;1;1;2;2;2;2;2;1;3;2;3;1;2;1;1;1;1;1;1;3;3;3;3;2;2;1;1;1;1;1;3;2;1;3;2;2;2;2;3;1;3;1;1;3;3;2
3;1;3;3;3;3;3;1;3;2;3;2;3;2;2;3;2;3;2;1;1;1;1;1;2;1;3;2;2;3;2;2;1;3;3;1;3;3;2;3;1;2;3;3;1;2;2;2;2;2;2;3;2;2;1;2;3;3;2;1;3;3;3;1;1;3;1;2
3;1;3;1;2;3;3;1;3;3;2;3;2;2;2;2;2;3;3;1;2;1;1;1;2;2;2;1;1;1;3;3;3;2;2;3;2;1;2;3;2;1;2;1;3;1;1;2;2;1;1;2;2;1;2;3;3;3;2;2;3;3;3;1;1;1;1;2
3;3;2;2;2;3;3;3;3;2;2;3;3;2;3;3;3;2;3;2;1;1;1;1;1;1;3;2;3;1;1;1;2;1;1;1;2;2;1;2;3;2;2;1;1;1;2;2;1;1;3;1;1;3;2;2;2;2;3;3;2;2;1;1;1;2;1;1
3;3;3;2;3;3;3;3;3;3;3;2;3;2;2;2;3;3;3;1;1;1;1;1;1;2;1;3;2;2;2;2;1;3;2;1;2;1;3;2;1;3;3;3;1;1;2;1;1;2;2;1;1;1;3;3;1;3;2;3;1;2;1;1;1;3;2;2
3;3;2;3;2;3;3;3;3;3;3;3;2;3;3;2;2;2;2;2;1;1;1;1;1;1;3;1;3;1;3;1;3;2;2;2;3;3;3;1;2;1;3;3;3;3;1;3;2;2;2;1;1;1;3;2;1;1;3;1;1;1;2;1;1;1;3;1
3;1;2;2;3;3;3;3;3;2;2;3;3;3;3;3;3;2;3;2;1;1;1;1;1;2;1;3;2;2;1;2;1;3;1;2;3;3;1;2;2;2;1;2;2;1;2;2;2;3;1;3;2;1;2;3;2;2;3;1;1;1;2;1;1;2;3;2
3;3;3;2;2;3;3;3;3;2;3;3;2;3;3;2;2;3;2;2;1;1;1;1;1;2;2;2;3;3;2;3;2;1;1;2;1;2;1;2;3;3;3;3;1;2;2;2;1;3;3;1;1;2;2;1;3;1;1;3;2;3;2;1;1;1;1;2
2;3;3;2;2;3;3;3;3;3;3;2;2;3;3;3;2;3;3;1;1;1;1;1;1;1;2;1;1;1;3;3;3;3;3;1;1;2;1;3;2;2;1;3;1;3;1;3;2;1;1;1;1;3;2;2;2;1;1;1;2;3;2;1;1;3;1;1
2;3;2;2;3;3;3;1;3;3;3;3;2;3;3;2;2;3;3;2;1;1;1;1;1;1;2;1;1;3;1;2;3;3;1;2;1;3;3;2;3;1;3;2;3;1;3;1;3;1;2;1;3;1;3;3;1;3;2;3;2;1;2;1;1;3;3;3
2;1;3;2;3;3;3;1;3;3;2;2;3;3;3;3;2;3;3;2;1;1;1;1;1;1;3;3;1;2;2;2;2;1;2;3;3;3;3;2;3;1;2;3;1;3;2;3;2;1;3;3;2;2;1;3;1;3;1;1;2;3;1;1;1;2;3;2
2;1;3;1;3;3;3;3;3;3;3;3;3;3;3;3;3;3;3;1;1;1;1;1;1;1;1;1;1;3;2;3;2;1;1;1;2;3;2;2;2;2;1;3;3;3;2;3;3;1;2;1;3;2;3;1;3;3;3;1;3;2;2;1;1;1;3;2
3;3;3;3;2;3;3;1;3;2;3;3;2;3;3;3;3;3;3;1;1;1;1;1;1;2;2;1;3;3;1;2;3;2;3;1;2;3;1;1;1;2;3;3;2;2;2;3;1;3;1;3;1;1;2;2;3;2;1;1;3;1;3;1;1;3;2;1
3;1;2;2;3;3;3;1;3;3;2;3;2;3;3;3;2;3;3;1;2;1;1;1;1;1;3;3;3;2;3;2;1;2;3;1;2;3;1;1;1;2;2;2;1;1;1;1;3;2;1;3;3;3;2;3;3;1;2;3;2;2;3;1;1;1;2;1
3;3;3;1;2;3;3;3;3;2;3;2;3;2;3;3;3;2;3;1;2;1;1;1;2;1;3;1;3;3;1;1;3;1;3;1;2;1;3;1;2;3;3;2;2;2;3;1;2;2;2;1;3;3;3;1;1;3;1;1;2;1;2;1;1;2;1;1
3;3;3;2;3;3;3;3;3;3;3;3;3;3;3;2;2;2;3;2;1;1;1;1;2;2;1;2;1;2;3;3;2;1;2;1;1;2;2;1;1;2;1;2;3;2;1;3;1;1;2;1;1;1;1;1;1;2;3;3;3;3;2;1;1;1;2;3
3;3;3;2;3;3;3;3;3;3;2;3;3;2;3;3;2;3;3;2;2;1;1;1;1;1;2;1;1;1;2;3;1;1;1;1;2;1;3;2;3;1;2;2;1;2;2;2;2;2;1;2;2;2;3;2;1;2;2;1;1;1;1;1;1;3;2;3
2;3;3;3;3;3;3;3;3;3;2;2;3;2;3;3;3;2;3;1;2;1;1;1;2;1;3;3;3;3;3;3;2;3;1;1;1;2;1;2;3;3;1;3;2;2;3;1;2;2;3;2;2;2;1;3;3;2;1;1;1;2;1;1;1;1;3;1
3;3;3;3;3;3;3;1;3;3;3;2;2;2;3;3;3;3;3;1;1;1;1;1;2;1;3;2;1;1;1;2;2;2;2;1;3;3;3;2;2;1;2;3;3;3;3;3;2;1;3;2;3;3;3;3;2;1;3;2;3;2;1;1;1;3;2;1
2;3;3;3;3;3;3;3;3;3;3;3;3;3;3;3;3;3;3;1;1;1;1;1;1;1;3;2;1;3;2;2;3;1;3;2;2;3;3;3;1;1;1;1;1;1;3;2;1;1;2;3;1;3;3;3;1;2;1;1;2;3;3;1;1;1;1;1
2;3;3;1;3;3;3;3;3;3;2;3;2;3;3;3;3;3;3;1;1;1;1;1;1;2;3;3;2;1;1;2;2;1;2;1;2;2;3;2;2;3;2;2;3;2;1;2;3;2;3;2;3;1;2;1;2;3;1;2;1;1;2;1;1;3;1;2
3;3;3;1;2;3;3;3;3;3;2;3;3;3;2;3;3;3;3;1;1;1;1;1;1;1;3;1;3;3;3;1;1;1;2;2;1;1;1;1;1;1;1;3;2;1;2;2;2;3;1;2;1;1;3;2;1;1;3;3;2;2;2;1;1;3;2;2
3;3;2;1;3;3;3;1;3;3;2;2;3;3;3;3;3;2;3;1;2;1;1;1;1;2;3;1;1;2;2;1;3;1;1;2;1;1;2;2;2;3;1;3;2;3;2;2;1;2;1;2;2;3;2;2;1;2;2;1;3;1;3;1;1;2;3;3
3;1;3;2;3;3;3;3;3;2;3;3;2;3;3;3;3;3;2;1;1;1;1;1;2;1;1;1;3;3;2;1;3;1;1;1;3;2;3;2;2;2;3;1;2;3;1;2;2;3;2;2;3;3;1;1;2;1;1;3;1;2;1;1;1;2;1;3
2;3;3;2;2;3;3;1;3;3;3;3;3;2;3;2;2;3;3;1;1;1;1;1;1;1;3;2;2;1;3;1;2;1;1;3;1;2;3;2;2;1;1;2;3;3;2;2;2;3;1;3;3;2;1;3;1;1;1;3;2;2;1;1;1;3;2;2
3;3;3;3;2;3;3;1;3;2;3;2;3;2;3;3;3;3;2;1;1;1;1;1;2;1;1;3;2;1;2;2;2;3;2;1;2;3;1;3;3;1;1;1;1;1;3;3;1;2;3;1;2;3;1;1;1;3;2;3;2;2;1;1;1;2;3;1
3;1;2;1;3;3;3;3;3;3;2;3;2;3;3;2;2;2;2;1;2;1;1;1;1;2;2;2;2;1;2;1;2;3;1;1;1;3;2;2;2;1;3;1;1;3;1;2;1;2;3;2;3;3;2;2;3;1;3;3;3;2;1;1;1;1;3;2
3;1;3;3;3;3;3;1;3;3;3;3;2;2;2;2;2;2;2;2;2;1;1;1;1;1;3;3;1;3;3;1;1;2;1;2;3;1;3;3;1;3;3;1;1;3;1;1;3;3;3;1;2;2;1;2;1;1;3;2;3;2;3;1;1;1;2;3
3;3;3;1;3;3;3;3;3;3;2;3;3;3;3;3;2;2;3;1;1;1;1;1;1;1;1;1;2;3;3;3;2;1;1;1;1;3;1;1;1;1;2;3;3;1;3;3;3;1;2;3;1;1;2;2;3;3;2;2;2;1;1;1;1;3;1;2
3;3;2;2;3;3;3;3;3;1;3;2;2;3;3;3;3;2;3;2;2;1;1;1;1;1;2;1;1;2;1;1;1;3;1;1;1;3;2;2;1;2;1;2;1;2;3;3;1;1;3;3;2;2;3;1;1;2;2;2;3;2;2;1;1;3;1;2
3;3;3;1;2;3;3;3;3;1;2;3;3;2;2;3;3;2;3;1;1;1;1;1;2;2;3;3;3;3;3;1;2;1;1;1;2;1;1;2;1;1;1;1;3;1;2;1;3;2;2;2;3;2;3;1;1;2;1;3;2;2;1;1;1;2;1;3
3;3;3;1;2;3;3;3;3;3;2;3;2;3;3;3;3;2;3;1;1;1;1;1;1;2;1;2;1;3;1;1;3;2;1;3;2;2;1;3;3;3;3;1;3;3;1;3;1;3;3;1;2;2;2;2;1;3;3;3;3;3;3;1;1;3;1;1
2;3;3;3;3;3;3;3;3;3;3;2;3;2;3;3;3;3;3;1;1;1;1;1;2;1;1;1;1;2;1;1;1;1;1;1;3;3;3;3;2;3;1;1;2;2;2;2;2;2;2;2;3;3;3;3;2;2;2;3;1;1;2;1;1;2;3;3
3;1;3;1;3;3;3;1;3;3;3;3;3;3;3;3;3;3;3;1;1;1;1;1;1;1;1;1;1;1;1;1;1;1;1;1;1;1;1;1;1;1;1;1;1;1;1;1;1;1;1;1;1;1;1;1;1;1;1;1;1;1;1;1;1;1;1;1
3;3;3;3;3;3;3;3;3;3;3;3;3;3;3;3;3;3;3;1;1;1;1;1;1;1;1;1;1;1;3;1;3;3;3;1;3;3;3;3;3;3;3;3;3;3;3;3;3;3;3;2;3;3;3;3;3;3;3;3;3;1;3;1;1;1;1;3
3;3;3;2;3;3;3;3;3;1;3;2;3;2;3;3;2;3;3;2;1;1;1;1;1;1;2;1;3;1;3;2;1;3;2;2;2;1;1;3;3;1;3;2;1;2;3;2;3;3;1;2;3;1;1;2;3;1;1;3;2;1;3;1;1;1;3;2
3;3;3;3;3;3;3;1;3;3;3;3;3;3;3;3;3;2;3;1;1;1;1;1;1;1;3;3;1;3;3;3;1;3;1;3;3;3;1;3;3;3;3;3;1;3;3;2;3;3;1;3;3;3;1;2;3;3;3;3;1;3;3;1;1;3;3;2
3;3;3;1;3;3;3;3;3;3;3;3;3;3;3;3;3;3;3;2;1;1;1;1;1;1;1;3;3;1;1;3;3;2;3;3;1;1;3;3;3;1;1;3;2;2;3;3;3;2;3;3;1;3;3;3;3;3;1;3;3;1;1;1;1;1;3;1
2;3;2;3;3;3;3;1;3;1;3;3;3;2;2;3;2;2;2;2;1;1;1;1;2;2;3;3;2;2;2;2;1;1;3;3;3;3;2;2;2;2;2;2;2;2;2;2;2;1;2;1;3;3;3;3;2;2;2;2;1;2;2;1;1;2;2;2
2;1;3;3;3;3;3;3;3;3;3;3;3;2;2;2;3;2;2;1;1;1;1;1;2;1;1;1;1;1;3;3;2;3;3;3;2;2;2;3;2;3;3;3;2;2;2;2;2;1;1;3;3;3;2;2;2;2;2;2;2;3;3;1;1;2;3;3
2;3;3;2;2;3;3;1;3;1;3;2;3;2;3;2;3;3;2;1;2;1;1;1;1;1;1;3;3;1;3;2;2;1;1;3;3;3;1;2;1;2;3;1;1;1;3;3;2;2;1;3;2;2;1;3;3;3;1;1;2;3;3;1;1;1;1;1
2;3;2;2;2;3;3;3;3;1;2;2;2;2;2;2;2;2;2;2;2;1;1;1;2;2;2;2;2;2;2;2;2;2;2;2;2;2;2;2;2;2;2;2;2;2;2;2;2;2;2;2;2;2;2;2;2;2;2;2;2;2;2;1;1;2;2;2
3;3;3;3;3;3;3;3;3;3;3;3;3;3;3;3;3;3;3;1;1;1;1;1;1;1;3;3;3;3;3;3;3;3;3;3;3;3;3;3;3;3;3;3;3;3;3;3;3;3;3;3;3;3;3;3;3;3;3;3;3;3;3;1;1;3;3;3
2;3;3;1;3;3;3;3;3;3;3;2;2;2;2;2;3;3;3;1;2;1;1;1;2;1;2;2;2;2;3;2;2;2;2;2;2;2;2;2;1;1;2;2;2;2;2;2;2;2;2;2;2;2;2;2;2;2;2;2;2;2;2;1;1;2;2;2
3;3;3;3;2;3;3;3;3;3;2;3;3;3;3;3;2;3;3;2;1;1;1;1;1;1;3;3;3;1;1;2;3;3;3;2;3;3;2;3;3;1;3;3;3;3;3;2;1;1;2;1;2;3;3;3;1;1;3;3;2;1;1;1;1;1;3;3
3;1;2;3;2;3;3;3;3;3;2;3;3;3;2;3;3;2;2;1;1;1;1;1;1;1;2;1;1;3;3;2;3;2;2;3;1;2;1;1;2;1;3;2;3;3;3;2;3;2;2;3;2;1;2;1;1;2;3;3;3;2;3;1;1;2;1;1
3;3;3;3;3;3;3;3;3;3;3;3;3;3;2;2;2;3;3;2;1;1;1;1;1;1;1;1;3;3;3;3;3;3;3;3;3;3;3;3;3;3;3;3;3;3;3;3;3;3;3;3;3;3;3;3;3;3;3;3;3;3;3;1;1;3;3;3
2;3;2;2;2;3;3;3;3;1;2;2;2;2;2;2;2;2;2;2;2;1;1;1;2;2;2;2;2;2;2;2;2;2;2;2;2;2;2;2;2;2;2;2;2;2;2;2;2;2;2;2;2;2;2;2;2;2;2;2;2;2;2;1;1;2;2;2
3;3;2;3;3;3;3;3;3;1;2;3;3;3;2;3;3;3;3;2;2;1;1;1;1;1;3;3;3;2;3;2;3;2;3;3;2;3;2;2;2;3;3;1;1;3;3;3;3;3;3;2;2;3;3;3;2;3;3;3;3;2;2;1;1;3;3;3
3;3;3;3;3;3;3;1;3;3;2;3;3;2;3;3;3;3;3;1;1;1;1;1;2;1;1;1;1;1;1;1;1;1;1;1;2;1;1;1;1;1;1;1;1;1;1;1;1;1;1;1;1;1;1;1;1;1;1;1;1;2;1;1;1;1;1;1
3;3;2;1;3;3;3;3;3;3;2;3;3;3;2;3;3;3;3;2;2;1;1;1;1;1;1;1;1;3;3;3;1;2;1;1;1;2;1;1;1;1;1;1;1;1;1;1;1;1;1;1;1;1;1;1;1;1;1;1;1;1;1;1;1;1;1;1
3;1;3;2;2;3;3;1;3;3;3;2;3;3;3;3;3;3;3;1;1;1;1;1;1;1;1;1;1;1;1;1;1;1;2;1;1;2;1;1;1;1;1;2;2;1;1;1;1;2;1;1;1;1;1;1;1;1;2;2;2;1;1;1;1;2;1;1
3;3;3;3;3;3;3;1;3;3;3;3;3;3;3;2;2;3;3;1;1;1;1;1;1;1;3;3;3;2;2;2;2;1;3;2;2;1;1;3;2;3;3;2;1;2;1;1;2;3;1;2;2;1;1;3;3;3;2;1;3;3;3;1;1;2;3;3
2;3;2;3;3;3;3;3;3;1;3;3;3;2;2;2;2;2;2;2;2;1;1;1;2;2;2;2;2;1;1;1;2;2;2;1;1;2;1;2;2;1;2;2;3;1;2;2;2;2;3;1;2;1;2;2;2;2;3;2;3;2;2;1;1;3;2;1
3;1;2;1;3;3;3;3;3;3;3;2;3;3;3;2;3;3;2;1;1;1;1;1;1;2;2;1;1;2;2;2;1;1;2;1;2;1;1;1;1;1;2;2;1;2;1;1;2;1;1;3;1;3;1;2;1;1;1;2;1;1;1;1;1;1;1;2
3;3;2;3;2;3;3;3;3;1;2;3;3;3;3;2;2;3;2;1;2;1;1;1;1;2;1;1;1;1;1;1;1;2;1;1;1;1;1;2;2;1;2;2;2;2;2;2;2;1;2;2;1;2;2;2;2;2;2;1;1;1;1;1;1;2;2;1
2;3;3;2;3;3;3;3;3;3;3;3;3;3;3;3;3;3;3;1;1;1;1;1;1;1;1;1;1;1;1;1;1;1;1;1;1;1;1;1;1;1;1;2;3;2;3;3;2;2;2;2;2;3;3;2;3;1;2;3;1;2;2;1;1;1;1;2
3;3;3;3;3;3;3;3;3;3;3;3;3;3;2;2;2;2;3;1;2;1;1;1;2;1;3;3;3;3;3;2;2;2;2;2;3;3;3;2;1;3;3;3;3;3;3;3;3;3;3;3;3;3;3;3;3;3;3;3;3;2;2;1;1;3;3;2
3;3;3;3;3;3;3;3;3;1;3;2;3;2;3;2;3;2;3;1;2;1;1;1;1;1;3;2;3;2;1;3;3;2;2;2;3;2;3;2;2;3;2;2;2;2;3;3;3;1;1;1;3;2;2;2;2;1;2;2;2;2;1;1;1;1;1;1
3;3;2;3;3;3;3;3;3;3;3;3;3;3;3;2;3;3;2;1;1;1;1;1;1;2;3;3;3;2;1;2;2;2;3;3;3;3;3;3;2;3;2;2;3;2;3;3;3;2;3;2;3;3;3;2;3;3;3;3;2;2;3;1;1;2;3;3
3;3;2;3;3;3;3;3;3;3;3;3;3;3;3;2;3;3;2;1;1;1;1;1;1;2;3;3;3;2;1;2;2;2;3;3;3;3;3;3;2;3;2;2;3;2;3;3;3;2;3;2;3;3;3;2;3;3;3;3;2;2;3;1;1;2;3;3
2;3;3;1;3;3;3;3;3;1;2;3;2;2;3;3;3;3;3;2;2;1;1;1;1;2;2;3;2;1;1;1;1;3;2;2;3;2;1;1;1;2;1;3;3;3;1;2;3;3;1;2;2;1;3;3;2;1;2;1;3;3;1;1;1;1;3;3
3;3;2;1;2;3;3;1;3;3;2;3;3;3;2;3;3;3;3;1;1;1;1;1;1;1;1;1;3;2;1;1;3;3;2;2;1;2;2;1;2;1;3;3;1;3;2;3;2;3;2;1;1;3;1;2;1;3;3;2;3;2;2;1;1;2;1;3
3;3;2;2;3;3;3;1;3;3;3;2;2;3;3;3;2;2;3;1;1;1;1;1;1;1;3;3;2;1;3;3;2;3;1;2;3;1;2;3;1;2;3;3;1;3;3;2;2;1;1;3;3;3;3;2;1;1;1;2;2;1;2;1;1;1;1;2
3;1;3;2;3;3;3;1;3;3;3;2;3;3;2;2;2;3;3;2;2;1;1;1;1;1;3;3;1;2;1;1;1;3;1;3;2;3;3;2;1;2;2;3;2;1;1;2;1;3;2;1;2;1;2;2;3;1;1;3;3;3;2;1;1;1;1;1
3;3;2;3;2;3;3;3;3;3;3;3;2;3;2;3;2;3;2;1;2;1;1;1;2;1;3;3;2;3;3;2;1;2;3;1;1;1;1;1;1;1;1;1;2;3;1;2;2;2;2;2;3;3;2;3;2;3;2;2;1;3;1;1;1;1;3;2
3;3;3;2;3;3;3;3;3;3;3;3;3;3;2;3;3;2;3;1;1;1;1;1;2;2;3;1;3;3;3;3;3;1;1;3;3;2;2;2;3;3;3;3;2;3;2;2;2;3;1;2;3;1;2;3;3;1;2;1;3;1;2;1;1;3;2;2
3;3;2;2;3;3;3;1;3;3;3;2;2;3;3;3;2;2;3;1;1;1;1;1;1;1;3;3;2;1;3;3;2;3;1;2;3;1;2;3;1;2;3;3;1;3;3;2;2;1;1;3;3;3;3;2;1;1;1;2;2;1;2;1;1;1;1;2
3;1;3;2;3;3;3;1;3;3;3;2;3;3;2;2;2;3;3;2;2;1;1;1;1;1;3;3;1;2;1;1;1;3;1;3;2;3;3;2;1;2;2;3;2;1;1;2;1;3;2;1;2;1;2;2;3;1;1;3;3;3;2;1;1;1;1;1
3;3;2;3;2;3;3;3;3;3;3;3;2;3;2;3;2;3;2;1;2;1;1;1;2;1;3;3;2;3;3;2;1;2;3;1;1;1;1;1;1;1;1;1;2;3;1;2;2;2;2;2;3;3;2;3;2;3;2;2;1;3;1;1;1;1;3;2
2;3;3;2;3;3;3;3;3;3;2;2;2;3;3;3;3;3;3;1;2;1;1;1;1;1;1;1;3;3;2;3;3;3;3;3;3;3;3;3;3;2;1;2;3;3;3;2;2;1;1;3;3;3;3;3;3;3;3;3;2;2;3;1;1;2;1;2
3;3;2;2;3;3;3;1;3;3;3;2;2;3;3;3;2;2;3;1;1;1;1;1;1;1;3;3;2;1;3;3;2;3;1;2;1;2;3;1;2;1;1;1;2;3;3;3;3;1;1;1;2;1;3;1;3;2;1;2;1;1;1;1;1;1;2;1
3;3;2;2;3;3;3;1;3;3;3;2;2;3;3;3;2;2;3;1;1;1;1;1;1;1;3;3;2;1;3;3;2;3;1;2;3;1;2;3;1;2;3;3;1;3;3;2;2;1;1;3;3;3;3;2;1;1;1;2;2;1;2;1;1;1;1;2
3;1;3;2;3;3;3;1;3;3;3;2;3;3;2;2;2;3;3;2;2;1;1;1;1;1;3;3;1;2;1;1;1;3;1;3;2;3;3;2;1;2;2;3;2;1;1;2;1;3;2;1;2;1;2;2;3;1;1;3;3;3;2;1;1;1;1;1
3;3;2;3;2;3;3;3;3;3;3;3;2;3;2;3;2;3;2;1;2;1;1;1;2;1;3;3;2;3;3;2;1;2;3;1;1;1;1;1;1;1;1;1;2;3;1;2;2;2;2;2;3;3;2;3;2;3;2;2;1;3;1;1;1;1;3;2
3;3;3;2;3;3;3;3;3;3;3;3;3;3;2;3;3;2;3;1;1;1;1;1;2;2;3;1;3;3;3;3;3;1;1;3;3;2;2;2;3;3;3;3;2;3;2;2;2;3;1;2;3;1;2;3;3;1;2;1;3;1;2;1;1;3;2;2
3;3;2;3;3;3;3;3;3;1;2;3;3;3;2;2;3;3;3;1;1;1;1;1;2;2;2;3;1;2;2;2;2;2;3;3;1;2;2;1;1;2;2;3;2;2;3;2;1;2;1;1;2;2;2;3;1;1;2;2;3;1;1;1;1;2;1;3
3;3;3;1;3;3;3;3;3;1;3;3;3;3;2;3;2;2;3;1;1;1;1;1;2;2;2;3;2;2;3;1;3;2;2;2;1;1;2;1;1;2;3;2;1;3;1;3;1;3;1;3;1;3;1;2;1;2;1;2;2;3;1;1;1;2;2;2
3;1;2;2;3;3;3;3;3;3;3;3;3;2;3;2;3;3;3;1;1;1;1;1;2;1;3;3;2;1;2;2;2;2;1;3;2;1;1;3;1;1;2;2;3;1;1;3;1;2;2;1;3;2;1;3;3;1;2;3;2;1;1;1;1;3;1;1
2;3;2;3;3;3;3;1;3;1;2;2;2;2;3;2;2;2;3;1;1;1;1;1;2;1;3;2;2;2;2;1;3;1;2;3;1;2;1;2;3;1;2;2;1;3;2;2;1;2;1;2;2;1;3;1;2;2;1;3;2;1;1;1;1;1;1;1
3;3;2;2;3;3;3;1;3;3;3;2;2;3;3;3;2;2;3;1;1;1;1;1;1;1;3;3;2;1;3;3;2;3;1;2;3;1;2;3;1;2;3;3;1;3;3;2;2;1;1;3;3;3;3;2;1;1;1;2;2;1;2;1;1;1;1;2
3;1;3;2;3;3;3;1;3;3;3;2;3;3;2;2;2;3;3;2;2;1;1;1;1;1;3;3;1;2;1;1;1;3;1;3;2;3;3;2;1;2;2;3;2;1;1;2;1;3;2;1;2;1;2;2;3;1;1;3;3;3;2;1;1;1;1;1
3;3;2;3;2;3;3;3;3;3;3;3;2;3;2;3;2;3;2;1;2;1;1;1;2;1;3;3;2;3;3;2;1;2;3;1;1;1;1;1;1;1;1;1;2;3;1;2;2;2;2;2;3;3;2;3;2;3;2;2;1;3;1;1;1;1;3;2
3;3;3;2;3;3;3;3;3;3;3;3;3;3;2;3;3;2;3;1;1;1;1;1;2;2;3;1;3;3;3;3;3;1;1;3;3;2;2;2;3;3;3;3;2;3;2;2;2;3;1;2;3;1;2;3;3;1;2;1;3;1;2;1;1;3;2;2
3;3;2;3;3;3;3;3;3;1;2;3;3;3;2;2;3;3;3;1;1;1;1;1;2;2;2;3;1;2;2;2;2;2;3;3;1;2;2;1;1;2;2;3;2;2;3;2;1;2;1;1;2;2;2;3;1;1;2;2;3;1;1;1;1;2;1;3
3;3;3;1;3;3;3;3;3;1;3;3;3;3;2;3;2;2;3;1;1;1;1;1;2;2;2;3;2;2;3;1;3;2;2;2;1;1;2;1;1;2;3;2;1;3;1;3;1;3;1;3;1;3;1;2;1;2;1;2;2;3;1;1;1;2;2;2
3;3;2;2;3;3;3;1;3;3;3;2;2;3;3;3;2;2;3;1;1;1;1;1;1;1;3;3;2;1;3;3;2;3;1;2;3;1;2;3;1;2;3;3;1;3;3;2;2;1;1;3;3;3;3;2;1;1;1;2;2;1;2;1;1;1;1;2
3;1;3;2;3;3;3;1;3;3;3;2;3;3;2;2;2;3;3;2;2;1;1;1;1;1;3;3;1;2;1;1;1;3;1;3;2;3;3;2;1;2;2;3;2;1;1;2;1;3;2;1;2;1;2;2;3;1;1;3;3;3;2;1;1;1;1;1
3;3;2;3;2;3;3;3;3;3;3;3;2;3;2;3;2;3;2;1;2;1;1;1;2;1;3;3;2;3;3;2;1;2;3;1;1;1;1;1;1;1;1;1;2;3;1;2;2;2;2;2;3;3;2;3;2;3;2;2;1;3;1;1;1;1;3;2
3;3;3;2;3;3;3;3;3;3;3;3;3;3;2;3;3;2;3;1;1;1;1;1;2;2;3;1;3;3;3;3;3;1;1;3;3;2;2;2;3;3;3;3;2;3;2;2;2;3;1;2;3;1;2;3;3;1;2;1;3;1;2;1;1;3;2;2
3;3;2;3;3;3;3;3;3;1;2;3;3;3;2;2;3;3;3;1;1;1;1;1;2;2;2;3;1;2;2;2;2;2;3;3;1;2;2;1;1;2;2;3;2;2;3;2;1;2;1;1;2;2;2;3;1;1;2;2;3;1;1;1;1;2;1;3
3;3;2;2;3;3;3;1;3;3;3;2;2;3;3;3;2;2;3;1;1;1;1;1;1;1;3;3;2;1;3;3;2;3;1;2;3;1;2;3;1;2;3;3;1;3;3;2;2;1;1;3;3;3;3;2;1;1;1;2;2;1;2;1;1;1;1;2
3;1;3;2;3;3;3;1;3;3;3;2;3;3;2;2;2;3;3;2;2;1;1;1;1;1;3;3;1;2;1;1;1;3;1;3;2;3;3;2;1;2;2;3;2;1;1;2;1;3;2;1;2;1;2;2;3;1;1;3;3;3;2;1;1;1;1;1
3;3;2;3;2;3;3;3;3;3;3;3;2;3;2;3;2;3;2;1;2;1;1;1;2;1;3;3;2;3;3;2;1;2;3;1;1;1;1;1;1;1;1;1;2;3;1;2;2;2;2;2;3;3;2;3;2;3;2;2;1;3;1;1;1;1;3;2
3;3;3;2;3;3;3;3;3;3;3;3;3;3;2;3;3;2;3;1;1;1;1;1;2;2;3;1;3;3;3;3;3;1;1;3;3;2;2;2;3;3;3;3;2;3;2;2;2;3;1;2;3;1;2;3;3;1;2;1;3;1;2;1;1;3;2;2
3;3;2;2;3;3;3;1;3;3;3;2;2;3;3;3;2;2;3;1;1;1;1;1;1;1;3;3;2;1;3;3;2;3;1;2;3;1;2;3;1;2;3;3;1;3;3;2;2;1;1;3;3;3;3;2;1;1;1;2;2;1;2;1;1;1;1;2
3;1;3;2;3;3;3;1;3;3;3;2;3;3;2;2;2;3;3;2;2;1;1;1;1;1;3;3;1;2;1;1;1;3;1;3;2;3;3;2;1;2;2;3;2;1;1;2;1;3;2;1;2;1;2;2;3;1;1;3;3;3;2;1;1;1;1;1
3;3;2;2;3;3;3;1;3;3;3;2;2;3;3;3;2;2;3;1;1;1;1;1;1;1;3;3;2;1;3;3;2;3;1;2;3;1;2;3;1;2;3;3;1;3;3;2;2;1;1;3;3;3;3;2;1;1;1;2;2;1;2;1;1;1;1;2
3;1;3;2;3;3;3;1;3;3;3;2;3;3;2;2;2;3;3;2;2;1;1;1;1;1;3;3;1;2;1;1;1;3;1;3;2;3;3;2;1;2;2;3;2;1;1;2;1;3;2;1;2;1;2;2;3;1;1;3;3;3;2;1;1;1;1;1
3;3;2;3;2;3;3;3;3;3;3;3;2;3;2;3;2;3;2;1;2;1;1;1;2;1;3;3;2;3;3;2;1;2;3;1;1;1;1;1;1;1;1;1;2;3;1;2;2;2;2;2;3;3;2;3;2;3;2;2;1;3;1;1;1;1;3;2
3;3;3;2;3;3;3;3;3;3;3;3;3;3;2;3;3;2;3;1;1;1;1;1;2;2;3;1;3;3;3;3;3;1;1;3;3;2;2;2;3;3;3;3;2;3;2;2;2;3;1;2;3;1;2;3;3;1;2;1;3;1;2;1;1;3;2;2
3;3;2;3;3;3;3;3;3;1;2;3;3;3;2;2;3;3;3;1;1;1;1;1;2;2;2;3;1;2;2;2;2;2;3;3;1;2;2;1;1;2;2;3;2;2;3;2;1;2;1;1;2;2;2;3;1;1;2;2;3;1;1;1;1;2;1;3
3;3;3;1;3;3;3;3;3;1;3;3;3;3;2;3;2;2;3;1;1;1;1;1;2;2;2;3;2;2;3;1;3;2;2;2;1;1;2;1;1;2;3;2;1;3;1;3;1;3;1;3;1;3;1;2;1;2;1;2;2;3;1;1;1;2;2;2
3;1;2;2;3;3;3;3;3;3;3;3;3;2;3;2;3;3;3;1;1;1;1;1;2;1;3;3;2;1;2;2;2;2;1;3;2;1;1;3;1;1;2;2;3;1;1;3;1;2;2;1;3;2;1;3;3;1;2;3;2;1;1;1;1;3;1;1
3;3;2;3;3;3;3;3;3;3;3;3;2;2;3;3;2;2;2;1;2;1;1;1;2;2;2;2;2;2;2;2;2;1;2;2;2;2;2;2;3;1;3;3;3;3;3;2;2;3;3;3;2;2;2;3;3;3;2;2;2;2;2;1;1;2;3;3
3;3;2;2;3;3;3;1;3;3;3;2;2;3;3;3;2;2;3;1;1;1;1;1;1;1;3;3;2;1;3;3;2;3;1;2;3;1;2;3;1;2;3;3;1;3;3;2;2;1;1;3;3;3;3;2;1;1;1;2;2;1;2;1;1;1;1;2
3;1;3;2;3;3;3;1;3;3;3;2;3;3;2;2;2;3;3;2;2;1;1;1;1;1;3;3;1;2;1;1;1;3;1;3;2;3;3;2;1;2;2;3;2;1;1;2;1;3;2;1;2;1;2;2;3;1;1;3;3;3;2;1;1;1;1;1
3;3;2;3;2;3;3;3;3;3;3;3;2;3;2;3;2;3;2;1;2;1;1;1;2;1;3;3;2;3;3;2;1;2;3;1;1;1;1;1;1;1;1;1;2;3;1;2;2;2;2;2;3;3;2;3;2;3;2;2;1;3;1;1;1;1;3;2
3;3;3;2;3;3;3;3;3;3;3;3;3;3;2;3;3;2;3;1;1;1;1;1;2;2;3;1;3;3;3;3;3;1;1;3;3;2;2;2;3;3;3;3;2;3;2;2;2;3;1;2;3;1;2;3;3;1;2;1;3;1;2;1;1;3;2;2
3;3;2;3;3;3;3;3;3;1;2;3;3;3;2;2;3;3;3;1;1;1;1;1;2;2;2;3;1;2;2;2;2;2;3;3;1;2;2;1;1;2;2;3;2;2;3;2;1;2;1;1;2;2;2;3;1;1;2;2;3;1;1;1;1;2;1;3
3;3;2;2;3;3;3;1;3;3;3;2;2;3;3;3;2;2;3;1;1;1;1;1;1;1;3;3;2;1;3;3;2;3;1;2;3;1;2;3;1;2;3;3;1;3;3;2;2;1;1;3;3;3;3;2;1;1;1;2;2;1;2;1;1;1;1;2
3;1;3;2;3;3;3;1;3;3;3;2;3;3;2;2;2;3;3;2;2;1;1;1;1;1;3;3;1;2;1;1;1;3;1;3;2;3;3;2;1;2;2;3;2;1;1;2;1;3;2;1;2;1;2;2;3;1;1;3;3;3;2;1;1;1;1;1
3;3;2;3;2;3;3;3;3;3;3;3;2;3;2;3;2;3;2;1;2;1;1;1;2;1;3;3;2;3;3;2;1;2;3;1;1;1;1;1;1;1;1;1;2;3;1;2;2;2;2;2;3;3;2;3;2;3;2;2;1;3;1;1;1;1;3;2
3;3;3;2;3;3;3;3;3;3;3;3;3;3;2;3;3;2;3;1;1;1;1;1;2;2;3;1;3;3;3;3;3;1;1;3;3;2;2;2;3;3;3;3;2;3;2;2;2;3;1;2;3;1;2;3;3;1;2;1;3;1;2;1;1;3;2;2
3;3;2;3;3;3;3;3;3;1;2;3;3;3;2;2;3;3;3;1;1;1;1;1;2;2;2;3;1;2;2;2;2;2;3;3;1;2;2;1;1;2;2;3;2;2;3;2;1;2;1;1;2;2;2;3;1;1;2;2;3;1;1;1;1;2;1;3
3;3;3;1;3;3;3;3;3;1;3;3;3;3;2;3;2;2;3;1;1;1;1;1;2;2;2;3;2;2;3;1;3;2;2;2;1;1;2;1;1;2;3;2;1;3;1;3;1;3;1;3;1;3;1;2;1;2;1;2;2;3;1;1;1;2;2;2
3;1;2;2;3;3;3;3;3;3;3;3;3;2;3;2;3;3;3;1;1;1;1;1;2;1;3;3;2;1;2;2;2;2;1;3;2;1;1;3;1;1;2;2;3;1;1;3;1;2;2;1;3;2;1;3;3;1;2;3;2;1;1;1;1;3;1;1
2;3;2;3;3;3;3;1;3;1;2;2;2;2;3;2;2;2;3;1;1;1;1;1;2;1;3;2;2;2;2;1;3;1;2;3;1;2;1;2;3;1;2;2;1;3;2;2;1;2;1;2;2;1;3;1;2;2;1;3;2;1;1;1;1;1;1;1
2;3;3;3;2;3;3;3;3;3;2;3;3;2;3;2;3;3;2;1;2;1;1;1;1;2;1;3;1;1;2;2;3;1;1;2;1;3;3;3;1;2;1;2;3;2;3;2;1;3;3;2;2;3;3;2;1;2;1;3;1;2;3;1;1;3;1;3
3;3;3;2;2;3;3;3;3;3;2;3;3;3;3;3;3;3;3;1;2;1;1;1;1;1;1;3;3;1;3;2;2;2;3;3;2;2;3;1;3;2;1;2;3;1;3;2;3;1;2;1;1;1;3;1;1;3;1;1;3;3;3;1;1;1;2;1
2;1;2;2;2;3;3;3;3;3;3;3;2;3;2;3;3;3;3;2;1;1;1;1;2;1;3;2;3;3;3;3;2;1;1;3;3;3;1;1;1;1;2;1;3;1;1;3;3;3;2;1;2;3;2;2;1;2;2;1;2;1;2;1;1;3;1;3
3;3;2;2;2;3;3;3;3;3;3;3;3;3;2;3;2;2;2;2;1;1;1;1;1;1;1;2;1;2;2;1;2;3;3;2;2;2;2;2;2;2;2;1;1;2;2;1;1;2;1;1;2;3;3;2;3;2;2;3;1;1;1;1;1;2;1;1
3;1;3;1;3;3;3;1;3;3;3;3;3;3;3;3;3;3;3;1;1;1;1;1;1;1;1;1;1;1;1;1;1;1;1;1;1;3;1;1;1;1;1;1;1;1;1;1;1;1;1;1;1;1;1;1;1;1;1;1;1;1;1;1;1;1;1;1
2;3;3;2;3;3;3;3;3;3;2;2;3;3;2;3;2;3;3;1;1;1;1;1;2;1;3;3;3;2;2;2;3;2;1;3;3;3;3;3;3;3;2;1;2;3;3;2;1;3;2;3;3;3;3;2;2;2;2;3;3;2;3;1;1;2;2;1
3;1;3;1;3;3;3;1;3;1;2;3;3;3;3;2;2;3;2;1;2;1;1;1;1;1;2;2;2;2;1;3;3;1;1;2;1;3;2;2;2;2;3;1;3;1;1;3;1;2;1;3;3;3;3;1;1;2;3;1;1;3;1;1;1;3;1;1
3;3;2;2;2;3;3;3;3;3;3;3;3;3;3;2;2;2;3;1;2;1;1;1;1;1;1;2;2;3;1;1;3;1;1;2;3;2;3;3;1;1;2;3;3;3;1;3;2;1;2;3;2;2;2;2;2;3;1;1;1;3;3;1;1;3;2;1
2;3;3;2;3;3;3;1;3;1;2;2;3;3;3;3;3;3;2;1;1;1;1;1;2;1;3;1;3;3;1;1;1;1;1;1;1;1;1;2;1;3;2;1;2;1;2;3;3;1;1;3;1;1;1;1;1;3;1;1;2;1;1;1;1;2;1;1
3;3;3;3;3;3;3;1;3;3;3;3;3;3;2;2;2;3;2;1;1;1;1;1;1;2;3;2;1;1;1;2;2;2;1;2;2;1;2;1;1;3;3;1;3;3;3;3;2;3;1;2;3;1;1;2;1;3;2;1;1;3;2;1;1;1;1;1
3;3;3;1;3;3;3;1;3;3;3;3;3;3;3;3;2;2;3;1;2;1;1;1;1;2;2;2;2;2;1;3;1;1;3;3;1;1;1;3;1;2;3;1;2;3;2;3;2;3;3;2;1;2;1;3;2;1;2;2;3;2;1;1;1;2;1;3
2;3;3;1;3;3;3;3;3;1;3;2;3;3;2;2;3;3;3;1;1;1;1;1;1;1;1;1;1;1;1;2;1;1;3;3;3;2;2;2;2;2;2;1;1;3;2;1;2;2;3;3;3;3;3;3;1;2;1;3;2;2;3;1;1;2;2;1
2;1;2;2;3;3;3;3;3;3;3;3;3;3;3;3;3;2;3;1;1;1;1;1;1;2;1;1;3;1;2;1;1;1;2;1;2;2;1;1;2;2;1;2;3;2;2;1;2;2;3;2;2;1;3;3;1;3;1;2;2;3;3;1;1;1;1;1
3;3;2;2;3;3;3;3;3;1;3;3;2;2;3;2;3;3;3;1;1;1;1;1;1;2;3;1;2;3;1;1;3;2;2;3;2;1;3;2;2;2;2;3;1;3;3;3;2;1;3;2;1;2;1;2;1;1;2;2;2;1;3;1;1;2;2;3
2;1;3;2;3;3;3;1;3;1;2;2;3;3;2;2;2;3;2;1;1;1;1;1;1;1;3;2;2;1;3;1;2;3;2;1;1;3;1;3;1;3;2;1;1;1;2;1;1;3;2;2;1;1;1;1;2;1;3;1;3;3;3;1;1;1;2;1
2;3;3;2;2;3;3;1;3;1;2;3;2;3;2;2;3;2;3;1;1;1;1;1;2;1;2;2;1;2;3;3;2;3;3;3;3;2;2;1;1;2;3;2;1;3;1;2;2;3;3;2;3;2;3;3;2;2;2;1;2;1;1;1;1;1;2;1
3;1;3;1;3;3;3;1;3;1;2;3;3;3;3;2;2;3;2;1;2;1;1;1;1;1;2;2;2;2;1;3;3;1;1;2;1;3;2;2;2;2;3;1;3;1;1;3;1;2;1;3;3;3;3;1;1;2;3;1;1;3;1;1;1;3;1;1
3;3;2;2;2;3;3;3;3;3;3;3;3;3;3;2;2;2;3;1;2;1;1;1;1;1;1;2;2;3;1;1;3;1;1;2;3;2;3;3;1;1;2;3;3;3;1;3;2;1;2;3;2;2;2;2;2;3;1;1;1;3;3;1;1;3;2;1
2;3;3;2;3;3;3;1;3;1;2;2;3;3;3;3;3;3;2;1;1;1;1;1;2;1;3;1;3;3;1;1;1;1;1;1;1;1;1;2;1;3;2;1;2;1;2;3;3;1;1;3;1;1;1;1;1;3;1;1;2;1;1;1;1;2;1;1
3;3;3;3;3;3;3;1;3;3;3;3;3;3;2;2;2;3;2;1;1;1;1;1;1;2;3;2;1;1;1;2;2;2;1;2;2;1;2;1;1;3;3;1;3;3;3;3;2;3;1;2;3;1;1;2;1;3;2;1;1;3;2;1;1;1;1;1
3;3;3;1;3;3;3;1;3;3;3;3;3;3;3;3;2;2;3;1;2;1;1;1;1;2;2;2;2;2;1;3;1;1;3;3;1;1;1;3;1;2;3;1;2;3;2;3;2;3;3;2;1;2;1;3;2;1;2;2;3;2;1;1;1;2;1;3
2;3;3;1;3;3;3;3;3;1;3;2;3;3;2;2;3;3;3;1;1;1;1;1;1;1;1;1;1;1;1;2;1;1;3;3;3;2;2;2;2;2;2;1;1;3;2;1;2;2;3;3;3;3;3;3;1;2;1;3;2;2;3;1;1;2;2;1
2;1;2;2;3;3;3;3;3;3;3;3;3;3;3;3;3;2;3;1;1;1;1;1;1;2;1;1;3;1;2;1;1;1;2;1;2;2;1;1;2;2;1;2;3;2;2;1;2;2;3;2;2;1;3;3;1;3;1;2;2;3;3;1;1;1;1;1
3;1;3;1;3;3;3;1;3;1;2;3;3;3;3;2;2;3;2;1;2;1;1;1;1;1;2;2;2;2;1;3;3;1;1;2;1;3;2;2;2;2;3;1;3;1;1;3;1;2;1;3;3;3;3;1;1;2;3;1;1;3;1;1;1;3;1;1
3;1;3;1;3;3;3;1;3;1;2;3;3;3;3;2;2;3;2;1;2;1;1;1;1;1;2;2;2;2;1;3;3;1;1;2;1;3;2;2;2;2;3;1;3;1;1;3;1;2;1;3;3;3;3;1;1;2;3;1;1;3;1;1;1;3;1;1
3;3;2;2;2;3;3;3;3;3;3;3;3;3;3;2;2;2;3;1;2;1;1;1;1;1;1;2;2;3;1;1;3;1;1;2;3;2;3;3;1;1;2;3;3;3;1;3;2;1;2;3;2;2;2;2;2;3;1;1;1;3;3;1;1;3;2;1
3;1;3;1;3;3;3;1;3;1;2;3;3;3;3;2;2;3;2;1;2;1;1;1;1;1;2;2;2;2;1;3;3;1;1;2;1;3;2;2;2;2;3;1;3;1;1;3;1;2;1;3;3;3;3;1;1;2;3;1;1;3;1;1;1;3;1;1
3;1;3;1;3;3;3;1;3;1;2;3;3;3;3;2;2;3;2;1;2;1;1;1;1;1;2;2;2;2;1;3;3;1;1;2;1;3;2;2;2;2;3;1;3;1;1;3;1;2;1;3;3;3;3;1;1;2;3;1;1;3;1;1;1;3;1;1
3;3;2;2;2;3;3;3;3;1;3;3;3;3;3;2;2;2;3;1;2;1;1;1;1;1;1;2;2;3;1;1;3;1;1;2;3;2;3;3;1;1;2;3;3;3;1;3;2;1;2;3;2;2;2;2;2;3;1;1;1;3;3;1;1;3;2;1
3;1;3;1;3;3;3;1;3;2;2;3;3;3;3;2;2;3;2;1;2;1;1;1;1;1;2;2;2;2;1;3;3;1;1;2;1;3;2;2;2;2;3;1;3;1;1;3;1;2;1;3;3;3;3;1;1;2;3;1;1;3;1;1;1;3;1;1
3;3;2;2;2;3;3;3;3;1;3;3;3;3;3;2;2;2;3;1;2;1;1;1;1;1;1;2;2;3;1;1;3;1;1;2;3;2;3;3;1;1;2;3;3;3;1;3;2;1;2;3;2;2;2;2;2;3;1;1;1;3;3;1;1;3;2;1
2;3;3;2;3;3;3;1;3;2;2;2;3;3;3;3;3;3;2;1;1;1;1;1;2;1;3;1;3;3;1;1;1;1;1;1;1;1;1;2;1;3;2;1;2;1;2;3;3;1;1;3;1;1;1;1;1;3;1;1;2;1;1;1;1;2;1;1
3;3;3;3;3;3;3;1;3;1;3;3;3;3;2;2;2;3;2;1;1;1;1;1;1;2;3;2;1;1;1;2;2;2;1;2;2;1;2;1;1;3;3;1;3;3;3;3;2;3;1;2;3;1;1;2;1;3;2;1;1;3;2;1;1;1;1;1
3;3;3;1;3;3;3;1;3;1;3;3;3;3;3;3;2;2;3;1;2;1;1;1;1;2;2;2;2;2;1;3;1;1;3;3;1;1;1;3;1;2;3;1;2;3;2;3;2;3;3;2;1;2;1;3;2;1;2;2;3;2;1;1;1;2;1;3
2;3;3;1;3;3;3;3;3;2;3;2;3;3;2;2;3;3;3;1;1;1;1;1;1;1;1;1;1;1;1;2;1;1;3;3;3;2;2;2;2;2;2;1;1;3;2;1;2;2;3;3;3;3;3;3;1;2;1;3;2;2;3;1;1;2;2;1
2;1;2;2;3;3;3;3;3;1;3;3;3;3;3;3;3;2;3;1;1;1;1;1;1;2;1;1;3;1;2;1;1;1;2;1;2;2;1;1;2;2;1;2;3;2;2;1;2;2;3;2;2;1;3;3;1;3;1;2;2;3;3;1;1;1;1;1
3;1;3;1;3;3;3;1;3;2;2;3;3;3;3;2;2;3;2;1;2;1;1;1;1;1;2;2;2;2;1;3;3;1;1;2;1;3;2;2;2;2;3;1;3;1;1;3;1;2;1;3;3;3;3;1;1;2;3;1;1;3;1;1;1;3;1;1
3;3;2;2;2;3;3;3;3;1;3;3;3;3;3;2;2;2;3;1;2;1;1;1;1;1;1;2;2;3;1;1;3;1;1;2;3;2;3;3;1;1;2;3;3;3;1;3;2;1;2;3;2;2;2;2;2;3;1;1;1;3;3;1;1;3;2;1
2;3;3;2;3;3;3;1;3;2;2;2;3;3;3;3;3;3;2;1;1;1;1;1;2;1;3;1;3;3;1;1;1;1;1;1;1;1;1;2;1;3;2;1;2;1;2;3;3;1;1;3;1;1;1;1;1;3;1;1;2;1;1;1;1;2;1;1
3;3;3;3;3;3;3;1;3;1;3;3;3;3;2;2;2;3;2;1;1;3;3;3;1;2;3;2;1;1;1;2;2;2;1;2;2;1;2;1;1;3;3;1;3;3;3;3;2;3;1;2;3;1;1;2;1;3;2;1;1;3;2;1;1;1;1;1
3;3;3;1;3;3;3;1;3;1;3;3;3;3;3;3;2;2;3;1;2;3;3;3;1;2;2;2;2;2;1;3;1;1;3;3;1;1;1;3;1;2;3;1;2;3;2;3;2;3;3;2;1;2;1;3;2;1;2;2;3;2;1;1;1;2;1;3
2;3;3;1;3;3;3;3;3;2;3;2;3;3;2;2;3;3;3;1;1;3;3;3;1;1;1;1;1;1;1;2;1;1;3;3;3;2;2;2;2;2;2;1;1;3;2;1;2;2;3;3;3;3;3;3;1;2;1;3;2;2;3;1;1;2;2;1
2;1;2;2;3;3;3;3;3;1;3;3;3;3;3;3;3;2;3;1;1;3;3;3;1;2;1;1;3;1;2;1;1;1;2;1;2;2;1;1;2;2;1;2;3;2;2;1;2;2;3;2;2;1;3;3;1;3;1;2;2;3;3;1;1;1;1;1
3;3;2;2;3;3;3;3;3;2;3;3;2;2;3;2;3;3;3;1;1;3;3;3;1;2;3;1;2;3;1;1;3;2;2;3;2;1;3;2;2;2;2;3;1;3;3;3;2;1;3;2;1;2;1;2;1;1;2;2;2;1;3;1;1;2;2;3
2;1;3;2;3;3;3;1;3;2;2;2;3;3;2;2;2;3;2;1;1;3;3;3;1;1;3;2;2;1;3;1;2;3;2;1;1;3;1;3;1;3;2;1;1;1;2;1;1;3;2;2;1;1;1;1;2;1;3;1;3;3;3;1;1;1;2;1
2;3;3;2;2;3;3;1;3;2;2;3;2;3;2;2;3;2;3;1;1;3;3;3;2;1;2;2;1;2;3;3;2;3;3;3;3;2;2;1;1;2;3;2;1;3;1;2;2;3;3;2;3;2;3;3;2;2;2;1;2;1;1;1;1;1;2;1
3;3;3;1;3;3;3;1;3;2;3;3;3;3;2;3;3;3;3;2;1;3;3;3;1;1;3;1;3;3;2;1;1;2;3;2;1;3;2;3;1;1;1;1;3;3;2;3;2;3;3;2;1;3;2;3;3;1;2;3;1;2;3;1;1;3;3;1
3;1;3;1;3;3;3;1;3;2;2;3;3;3;3;2;2;3;2;1;2;3;3;3;1;1;2;2;2;2;1;3;3;1;1;2;1;3;2;2;2;2;3;1;3;1;1;3;1;2;1;3;3;3;3;1;1;2;3;1;1;3;1;1;1;3;1;1
3;3;2;2;2;3;3;3;3;1;3;3;3;3;3;2;2;2;3;1;2;3;3;3;1;1;1;2;2;3;1;1;3;1;1;2;3;2;3;3;1;1;2;3;3;3;1;3;2;1;2;3;2;2;2;2;2;3;1;1;1;3;3;1;1;3;2;1
2;3;3;2;3;3;3;1;3;2;2;2;3;3;3;3;3;3;2;1;1;3;3;3;2;1;3;1;3;3;1;1;1;1;1;1;1;1;1;2;1;3;2;1;2;1;2;3;3;1;1;3;1;1;1;1;1;3;1;1;2;1;1;1;1;2;1;1
3;1;3;1;3;3;3;1;3;2;2;3;3;3;3;2;2;3;2;1;2;3;3;3;1;1;2;2;2;2;1;3;3;1;1;2;1;3;2;2;2;2;3;1;3;1;1;3;1;2;1;3;3;3;3;1;1;2;3;1;1;3;1;1;1;3;1;1
3;1;3;1;3;3;3;1;3;2;2;3;3;3;3;2;2;3;2;1;2;3;3;3;1;1;2;2;2;2;1;3;3;1;1;2;1;3;2;2;2;2;3;1;3;1;1;3;1;2;1;3;3;3;3;1;1;2;3;1;1;3;1;1;1;3;1;1
3;3;2;2;2;3;3;3;3;1;3;3;3;3;3;2;2;2;3;1;2;3;3;3;1;1;1;2;2;3;1;1;3;1;1;2;3;2;3;3;1;1;2;3;3;3;1;3;2;1;2;3;2;2;2;2;2;3;1;1;1;3;3;1;1;3;2;1
2;3;3;2;3;3;3;1;3;2;2;2;3;3;3;3;3;3;2;1;1;3;3;3;2;1;3;1;3;3;1;1;1;1;1;1;1;1;1;2;1;3;2;1;2;1;2;3;3;1;1;3;1;1;1;1;1;3;1;1;2;1;1;1;1;2;1;1
3;3;3;3;3;3;3;1;3;1;1;3;3;3;2;2;2;3;2;1;1;3;3;3;1;2;3;2;1;1;1;2;2;2;1;2;2;1;2;1;1;3;3;1;3;3;3;3;2;3;1;2;3;1;1;2;1;3;2;1;1;3;2;1;1;1;1;1
3;3;3;1;3;3;3;1;3;1;1;3;3;3;3;3;2;2;3;1;2;3;3;3;1;2;2;2;2;2;1;3;1;1;3;3;1;1;1;3;1;2;3;1;2;3;2;3;2;3;3;2;1;2;1;3;2;1;2;2;3;2;1;1;1;2;1;3
2;3;3;1;3;3;3;3;3;2;1;2;3;3;2;2;3;3;3;1;1;3;3;3;1;1;1;1;1;1;1;2;1;1;3;3;3;2;2;2;2;2;2;1;1;3;2;1;2;2;3;3;3;3;3;3;1;2;1;3;2;2;3;1;1;2;2;1
2;1;2;2;3;3;3;3;3;1;1;3;3;3;3;3;3;2;3;1;1;3;3;3;1;2;1;1;3;1;2;1;1;1;2;1;2;2;1;1;2;2;1;2;3;2;2;1;2;2;3;2;2;1;3;3;1;3;1;2;2;3;3;1;1;1;1;1
3;3;2;2;3;3;3;3;3;2;1;3;2;2;3;2;3;3;3;1;1;3;3;3;1;2;3;1;2;3;1;1;3;2;2;3;2;1;3;2;2;2;2;3;1;3;3;3;2;1;3;2;1;2;1;2;1;1;2;2;2;1;3;1;1;2;2;3
2;1;3;2;3;3;3;1;3;2;2;2;3;3;2;2;2;3;2;1;1;3;3;3;1;1;3;2;2;1;3;1;2;3;2;1;1;3;1;3;1;3;2;1;1;1;2;1;1;3;2;2;1;1;1;1;2;1;3;1;3;3;3;1;1;1;2;1
2;3;3;2;2;3;3;1;3;2;2;3;2;3;2;2;3;2;3;1;1;3;3;3;2;1;2;2;1;2;3;3;2;3;3;3;3;2;2;1;1;2;3;2;1;3;1;2;2;3;3;2;3;2;3;3;2;2;2;1;2;1;1;1;1;1;2;1
3;3;3;1;3;3;3;1;3;2;1;3;3;3;2;3;3;3;3;2;1;3;3;3;1;1;3;1;3;3;2;1;1;2;3;2;1;3;2;3;1;1;1;1;3;3;2;3;2;3;3;2;1;3;2;3;3;1;2;3;1;2;3;1;1;3;3;1
3;1;2;2;3;3;3;3;3;1;1;2;3;2;2;3;3;2;2;1;2;3;3;3;1;1;2;2;1;2;3;2;3;2;2;2;3;2;3;1;2;1;2;3;2;3;2;1;2;1;1;2;1;2;2;2;2;2;1;1;1;1;3;1;1;3;1;1
3;3;2;1;3;3;3;1;3;1;2;3;2;3;3;2;3;3;3;1;1;3;3;3;1;1;1;1;1;2;1;3;2;3;2;2;2;2;1;3;1;1;3;1;3;3;2;2;2;3;2;3;2;3;2;3;2;2;3;3;1;2;3;1;1;2;2;3
3;1;2;2;3;3;3;1;3;1;1;3;3;3;3;3;3;2;3;1;1;3;3;3;2;1;1;2;2;2;2;1;1;1;2;1;2;2;3;2;1;3;3;3;1;1;3;3;1;1;2;1;2;3;3;1;1;2;3;3;1;2;3;1;1;3;3;1
3;3;3;1;2;3;3;1;3;2;1;3;3;3;3;2;2;3;3;2;1;3;3;3;1;2;2;2;1;1;3;3;3;2;3;2;3;1;3;3;1;3;2;1;2;1;3;3;1;1;1;1;3;3;3;1;1;1;3;1;1;1;2;1;1;3;2;3
2;3;3;3;3;3;3;3;3;1;2;3;3;3;3;3;3;3;3;1;1;3;3;3;2;2;1;1;3;1;1;2;3;3;2;2;1;2;1;1;3;2;3;3;3;2;3;2;2;2;2;3;3;3;1;2;1;1;2;1;3;3;3;1;1;3;1;1
3;1;3;1;3;3;3;1;3;2;2;3;3;3;3;2;2;3;2;1;2;3;3;3;1;1;2;2;2;2;1;3;3;1;1;2;1;3;2;2;2;2;3;1;3;1;1;3;1;2;1;3;3;3;3;1;1;2;3;1;1;3;1;1;1;3;1;1
3;3;2;2;2;3;3;3;3;1;1;3;3;3;3;2;2;2;3;1;2;3;3;3;1;1;1;2;2;3;1;1;3;1;1;2;3;2;3;3;1;1;2;3;3;3;1;3;2;1;2;3;2;2;2;2;2;3;1;1;1;3;3;1;1;3;2;1
3;3;2;1;3;3;3;3;3;1;1;3;2;3;3;3;3;3;2;1;1;3;3;3;2;2;3;1;1;1;1;3;3;3;1;2;1;3;3;3;2;1;3;1;2;2;3;2;1;1;2;2;3;1;2;1;1;3;1;3;1;1;1;1;1;3;1;1
2;1;3;1;3;3;3;1;3;1;2;3;3;3;2;3;2;2;3;1;1;3;3;3;2;2;1;1;3;1;3;1;2;1;1;1;1;3;1;2;1;1;1;3;3;3;2;2;2;2;3;2;2;2;1;3;3;1;1;1;2;3;3;1;1;3;2;3
2;1;3;3;3;3;3;3;3;1;1;3;2;3;3;3;3;3;3;1;1;3;3;3;2;1;2;3;3;3;1;1;2;3;1;1;3;3;1;1;2;3;2;1;3;2;2;3;2;1;3;1;2;1;1;3;3;2;1;3;3;3;2;1;1;1;1;1
3;3;3;2;3;3;3;1;3;2;2;2;3;3;3;2;2;2;3;2;1;3;3;3;1;1;2;2;3;3;2;3;2;1;3;3;2;2;3;1;3;3;2;1;1;3;3;1;1;3;2;2;2;3;2;2;1;2;1;2;1;2;2;1;1;2;3;1
3;3;2;3;2;3;3;3;3;1;2;3;1;3;3;3;2;3;3;2;1;3;3;3;1;1;1;1;3;3;1;1;3;3;2;3;1;3;1;3;2;1;2;3;1;1;2;1;3;3;1;3;2;2;2;2;1;3;1;2;2;1;2;1;1;1;3;1
3;3;2;1;3;3;3;3;3;2;1;3;2;3;2;3;3;2;3;1;1;3;3;3;2;2;2;2;3;2;1;3;2;1;1;3;3;1;1;2;2;1;3;3;2;2;3;2;1;3;3;1;3;1;2;1;3;3;2;2;2;3;2;1;1;2;2;1
3;1;2;3;2;3;3;1;3;1;2;2;3;3;2;3;3;3;2;2;1;3;3;3;2;1;1;3;2;3;3;3;2;2;2;2;3;2;3;2;1;2;2;3;3;2;1;3;2;2;2;2;1;2;1;2;3;2;2;3;2;1;3;1;1;3;3;1
2;1;2;1;3;3;3;3;3;1;1;3;3;2;3;3;2;2;2;1;1;3;3;3;1;2;1;2;1;1;2;2;1;1;3;2;2;1;1;2;1;1;2;1;2;3;3;3;2;2;1;3;2;3;2;2;2;2;3;3;3;2;3;1;1;2;3;1
